SiteCode,DateTime,DurationNS,ScaledValue
CLDP0395,2023-01-31T10:00:00.000Z,3600000000,6.0769
CLDP0395,2023-01-31T11:00:00.000Z,3600000000,6.928807876974345
CLDP0395,2023-01-31T12:00:00.000Z,3600000000,7.432618004512785
CLDP0395,2023-01-31T13:00:00.000Z,3600000000,6.660118979692458
CLDP0395,2023-01-31T14:00:00.000Z,3600000000,6.329988055589796
CLDP0395,2023-01-31T15:00:00.000Z,3600000000,6.9407118154615155
CLDP0395,2023-01-31T16:00:00.000Z,3600000000,7.0116178967177865
CLDP0395,2023-01-31T17:00:00.000Z,3600000000,7.976797965025902
CLDP0395,2023-01-31T18:00:00.000Z,3600000000,8.22219655262828
CLDP0395,2023-01-31T19:00:00.000Z,3600000000,8.803936766102911
CLDP0395,2023-01-31T20:00:00.000Z,3600000000,8.58397270360291
CLDP0395,2023-01-31T21:00:00.000Z,3600000000,9.255768928307296
CLDP0395,2023-01-31T22:00:00.000Z,3600000000,9.559060535538197
CLDP0395,2023-01-31T23:00:00.000Z,3600000000,8.925564019179344
CLDP0395,2023-02-01T00:00:00.000Z,3600000000,7.850085878563921
CLDP0395,2023-02-01T01:00:00.000Z,3600000000,7.207574670420091
CLDP0395,2023-02-01T02:00:00.000Z,3600000000,7.442735672865311
CLDP0395,2023-02-01T03:00:00.000Z,3600000000,6.961590295420092
CLDP0395,2023-02-01T04:00:00.000Z,3600000000,7.013739003563922
CLDP0395,2023-02-01T05:00:00.000Z,3600000000,7.098498207418124
CLDP0395,2023-02-01T06:00:00.000Z,3600000000,6.9310882385502275
CLDP0395,2023-02-01T07:00:00.000Z,3600000000,7.654282291666667
CLDP0395,2023-02-01T08:00:00.000Z,3600000000,8.065568243611853
CLDP0395,2023-02-01T09:00:00.000Z,3600000000,7.589342431680362
CLDP0395,2023-02-01T10:00:00.000Z,3600000000,6.571950994748871
CLDP0395,2023-02-01T11:00:00.000Z,3600000000,5.933516138784092
CLDP0395,2023-02-01T12:00:00.000Z,3600000000,5.614579852289956
CLDP0395,2023-02-01T13:00:00.000Z,3600000000,5.072430314187209
CLDP0395,2023-02-01T14:00:00.000Z,3600000000,4.567670318509142
CLDP0395,2023-02-01T15:00:00.000Z,3600000000,4.641465677926938
CLDP0395,2023-02-01T16:00:00.000Z,3600000000,5.2711856403927015
CLDP0395,2023-02-01T17:00:00.000Z,3600000000,6.801630115191143
CLDP0395,2023-02-01T18:00:00.000Z,3600000000,8.036049959091345
CLDP0395,2023-02-01T19:00:00.000Z,3600000000,6.9576545491735144
CLDP0395,2023-02-01T20:00:00.000Z,3600000000,7.105245080337923
CLDP0395,2023-02-01T21:00:00.000Z,3600000000,7.855005537913245
CLDP0395,2023-02-01T22:00:00.000Z,3600000000,5.79267253415982
CLDP0395,2023-02-01T23:00:00.000Z,3600000000,4.683072151652972
CLDP0395,2023-02-02T00:00:00.000Z,3600000000,5.804434740692378
CLDP0395,2023-02-02T01:00:00.000Z,3600000000,5.6222527593076235
CLDP0395,2023-02-02T02:00:00.000Z,3600000000,5.862993262410164
CLDP0395,2023-02-02T03:00:00.000Z,3600000000,5.511642287230492
CLDP0395,2023-02-02T04:00:00.000Z,3600000000,5.785728551641107
CLDP0395,2023-02-02T05:00:00.000Z,3600000000,6.427664494681359
CLDP0395,2023-02-02T06:00:00.000Z,3600000000,6.6079875
CLDP0395,2023-02-02T07:00:00.000Z,3600000000,6.733237621897461
CLDP0395,2023-02-02T08:00:00.000Z,3600000000,6.655972911128402
CLDP0395,2023-02-02T09:00:00.000Z,3600000000,6.370500243794918
CLDP0395,2023-02-02T10:00:00.000Z,3600000000,6.424178856384753
CLDP0395,2023-02-02T11:00:00.000Z,3600000000,5.962914494681359
CLDP0395,2023-02-02T12:00:00.000Z,3600000000,5.767022362589836
CLDP0395,2023-02-02T13:00:00.000Z,3600000000,6.333087865692377
CLDP0395,2023-02-03T12:00:00.000Z,3600000000,5.565275104014078
CLDP0395,2023-02-03T13:00:00.000Z,3600000000,5.468880839155117
CLDP0395,2023-02-03T14:00:00.000Z,3600000000,5.785073344739279
CLDP0395,2023-02-03T15:00:00.000Z,3600000000,5.863760166001319
CLDP0395,2023-02-03T16:00:00.000Z,3600000000,5.784575
CLDP0395,2023-02-03T17:00:00.000Z,3600000000,6.005037656021118
CLDP0395,2023-02-03T18:00:00.000Z,3600000000,6.798982330671946
CLDP0395,2023-02-03T19:00:00.000Z,3600000000,7.092351158682505
CLDP0395,2023-02-03T20:00:00.000Z,3600000000,8.243650662104288
CLDP0395,2023-02-03T21:00:00.000Z,3600000000,10.809170431804656
CLDP0395,2023-02-03T22:00:00.000Z,3600000000,11.367652473386128
CLDP0395,2023-02-03T23:00:00.000Z,3600000000,13.094228036499022
CLDP0395,2023-02-04T00:00:00.000Z,3600000000,11.901303882733982
CLDP0395,2023-02-04T01:00:00.000Z,3600000000,10.59736492864291
CLDP0395,2023-02-04T02:00:00.000Z,3600000000,10.471784898702303
CLDP0395,2023-02-04T03:00:00.000Z,3600000000,10.275042886726064
CLDP0395,2023-02-04T04:00:00.000Z,3600000000,10.865007341567676
CLDP0395,2023-02-04T05:00:00.000Z,3600000000,8.987324725977578
CLDP0395,2023-02-04T06:00:00.000Z,3600000000,9.103224537674587
CLDP0395,2023-02-04T07:00:00.000Z,3600000000,8.393435934631029
CLDP0395,2023-02-04T08:00:00.000Z,3600000000,8.428755269710223
CLDP0395,2023-02-04T09:00:00.000Z,3600000000,7.361848576597374
CLDP0395,2023-02-04T10:00:00.000Z,3600000000,5.569717289171616
CLDP0395,2023-02-04T11:00:00.000Z,3600000000,6.000613658682505
CLDP0395,2023-02-04T12:00:00.000Z,3600000000,6.414242794660728
CLDP0395,2023-02-04T13:00:00.000Z,3600000000,6.1531410566369695
CLDP0395,2023-02-04T14:00:00.000Z,3600000000,5.75124768263499
CLDP0395,2023-02-04T15:00:00.000Z,3600000000,5.430794415668648
CLDP0395,2023-02-04T16:00:00.000Z,3600000000,6.531450820110242
CLDP0395,2023-02-04T17:00:00.000Z,3600000000,7.734140939621131
CLDP0395,2023-02-04T18:00:00.000Z,3600000000,7.8979181457082435
CLDP0395,2023-02-04T19:00:00.000Z,3600000000,7.693850690619152
CLDP0395,2023-02-04T20:00:00.000Z,3600000000,8.297830684916178
CLDP0395,2023-02-04T21:00:00.000Z,3600000000,8.641194791666667
CLDP0395,2023-02-04T22:00:00.000Z,3600000000,9.892285408929983
CLDP0395,2023-02-04T23:00:00.000Z,3600000000,8.18151970316569
CLDP0395,2023-02-05T00:00:00.000Z,3600000000,10.244359340828659
CLDP0395,2023-02-05T01:00:00.000Z,3600000000,9.624120456635954
CLDP0395,2023-02-05T02:00:00.000Z,3600000000,9.234276486706735
CLDP0395,2023-02-05T03:00:00.000Z,3600000000,7.825750000000001
CLDP0395,2023-02-05T04:00:00.000Z,3600000000,6.194353179982304
CLDP0395,2023-02-05T05:00:00.000Z,3600000000,6.366701514840126
CLDP0395,2023-02-05T06:00:00.000Z,3600000000,6.336244931349159
CLDP0395,2023-02-05T07:00:00.000Z,3600000000,6.583838880467415
CLDP0395,2023-02-05T08:00:00.000Z,3600000000,6.163538317283988
CLDP0395,2023-02-05T09:00:00.000Z,3600000000,6.154222184082865
CLDP0395,2023-02-05T10:00:00.000Z,3600000000,6.266015679982305
CLDP0395,2023-02-05T11:00:00.000Z,3600000000,6.564080502343178
CLDP0395,2023-02-05T12:00:00.000Z,3600000000,6.329436991798877
CLDP0395,2023-02-05T13:00:00.000Z,3600000000,6.15314723906517
CLDP0395,2023-02-05T14:00:00.000Z,3600000000,6.216005502343178
CLDP0395,2023-02-05T15:00:00.000Z,3600000000,6.235559120899439
CLDP0395,2023-02-05T16:00:00.000Z,3600000000,6.465237445017696
CLDP0395,2023-02-05T17:00:00.000Z,3600000000,7.587472201168538
CLDP0395,2023-02-05T18:00:00.000Z,3600000000,10.314946947067975
CLDP0395,2023-02-05T19:00:00.000Z,3600000000,14.371402692592143
CLDP0395,2023-02-05T20:00:00.000Z,3600000000,14.306906596851348
CLDP0395,2023-02-05T21:00:00.000Z,3600000000,15.83403451168537
CLDP0395,2023-02-05T22:00:00.000Z,3600000000,16.175864337539675
CLDP0395,2023-02-05T23:00:00.000Z,3600000000,15.01385722105503
CLDP0395,2023-02-06T00:00:00.000Z,3600000000,15.520436069667339
CLDP0395,2023-02-06T01:00:00.000Z,3600000000,13.88366820321083
CLDP0395,2023-02-06T02:00:00.000Z,3600000000,19.702250175631043
CLDP0395,2023-02-06T03:00:00.000Z,3600000000,21.72623789650202
CLDP0395,2023-02-06T04:00:00.000Z,3600000000,21.423839271616938
CLDP0395,2023-02-06T05:00:00.000Z,3600000000,20.962665471100806
CLDP0395,2023-02-06T06:00:00.000Z,3600000000,21.42005143033266
CLDP0395,2023-02-06T07:00:00.000Z,3600000000,22.41973487110138
CLDP0395,2023-02-06T08:00:00.000Z,3600000000,23.262537048280244
CLDP0395,2023-02-06T09:00:00.000Z,3600000000,24.19056635103226
CLDP0395,2023-02-06T10:00:00.000Z,3600000000,20.582931040883064
CLDP0395,2023-02-06T11:00:00.000Z,3600000000,14.791585723394155
CLDP0395,2023-02-06T12:00:00.000Z,3600000000,12.749605545699595
CLDP0395,2023-02-06T13:00:00.000Z,3600000000,12.046007787156103
CLDP0395,2023-02-06T14:00:00.000Z,3600000000,10.919746240969001
CLDP0395,2023-02-06T15:00:00.000Z,3600000000,10.711413134030996
CLDP0395,2023-02-06T16:00:00.000Z,3600000000,10.70541561831981
CLDP0395,2023-02-06T17:00:00.000Z,3600000000,11.268230724713206
CLDP0395,2023-02-06T18:00:00.000Z,3600000000,14.3348312115252
CLDP0395,2023-02-06T19:00:00.000Z,3600000000,16.636912123394016
CLDP0395,2023-02-06T20:00:00.000Z,3600000000,17.59871670407057
CLDP0395,2023-02-06T21:00:00.000Z,3600000000,20.777375286066533
CLDP0395,2023-02-06T22:00:00.000Z,3600000000,17.514436603325606
CLDP0395,2023-02-06T23:00:00.000Z,3600000000,17.140068211352823
CLDP0395,2023-02-07T00:00:00.000Z,3600000000,15.817291666666666
CLDP0395,2023-02-07T01:00:00.000Z,3600000000,17.48878809165955
CLDP0395,2023-02-07T02:00:00.000Z,3600000000,18.383055644671124
CLDP0395,2023-02-07T03:00:00.000Z,3600000000,20.123430398782094
CLDP0395,2023-02-07T04:00:00.000Z,3600000000,19.905239171584448
CLDP0395,2023-02-07T05:00:00.000Z,3600000000,17.841605546315513
CLDP0395,2023-02-07T06:00:00.000Z,3600000000,18.93900864672661
CLDP0395,2023-02-07T07:00:00.000Z,3600000000,20.092597963756983
CLDP0395,2023-02-07T08:00:00.000Z,3600000000,21.609195178826653
CLDP0395,2023-02-07T09:00:00.000Z,3600000000,22.124217370351158
CLDP0395,2023-02-07T10:00:00.000Z,3600000000,22.27343844644229
CLDP0395,2023-02-07T11:00:00.000Z,3600000000,24.53624808565776
CLDP0395,2023-02-07T12:00:00.000Z,3600000000,22.169338252862293
CLDP0395,2023-02-07T13:00:00.000Z,3600000000,15.055210050582888
CLDP0395,2023-02-07T14:00:00.000Z,3600000000,12.454822710792223
CLDP0395,2023-02-07T15:00:00.000Z,3600000000,12.360391242623331
CLDP0395,2023-02-07T16:00:00.000Z,3600000000,13.299871500134469
CLDP0395,2023-02-07T17:00:00.000Z,3600000000,15.266817563931149
CLDP0395,2023-02-07T18:00:00.000Z,3600000000,17.3897067565918
CLDP0395,2023-02-07T19:00:00.000Z,3600000000,19.78502427172661
CLDP0395,2023-02-07T20:00:00.000Z,3600000000,21.25274079712232
CLDP0395,2023-02-07T21:00:00.000Z,3600000000,22.310501914342247
CLDP0395,2023-02-07T22:00:00.000Z,3600000000,23.75694694876671
CLDP0395,2023-02-07T23:00:00.000Z,3600000000,25.93789422925314
CLDP0395,2023-02-08T00:00:00.000Z,3600000000,26.110197304026286
CLDP0395,2023-02-08T01:00:00.000Z,3600000000,32.13721124359767
CLDP0395,2023-02-08T02:00:00.000Z,3600000000,33.90952437601089
CLDP0395,2023-02-08T03:00:00.000Z,3600000000,33.10985048700969
CLDP0395,2023-02-08T04:00:00.000Z,3600000000,25.35076604436239
CLDP0395,2023-02-08T05:00:00.000Z,3600000000,27.616737707996368
CLDP0395,2023-02-08T06:00:00.000Z,3600000000,29.680382778676353
CLDP0395,2023-02-08T07:00:00.000Z,3600000000,24.82086117932002
CLDP0395,2023-02-08T08:00:00.000Z,3600000000,24.986485349019368
CLDP0395,2023-02-08T09:00:00.000Z,3600000000,28.425587290318806
CLDP0395,2023-02-08T10:00:00.000Z,3600000000,22.73106534767151
CLDP0395,2023-02-08T11:00:00.000Z,3600000000,17.447161506652833
CLDP0395,2023-02-08T12:00:00.000Z,3600000000,15.704212188005446
CLDP0395,2023-02-08T13:00:00.000Z,3600000000,14.097523925352096
CLDP0395,2023-02-08T14:00:00.000Z,3600000000,11.783837361335754
CLDP0395,2023-02-08T15:00:00.000Z,3600000000,13.210548213322957
CLDP0395,2023-02-08T16:00:00.000Z,3600000000,11.592521145327886
CLDP0395,2023-02-08T17:00:00.000Z,3600000000,13.70433913098971
CLDP0395,2023-02-08T18:00:00.000Z,3600000000,15.170178540992737
CLDP0395,2023-02-08T19:00:00.000Z,3600000000,17.009015274969737
CLDP0395,2023-02-08T20:00:00.000Z,3600000000,18.520996149317426
CLDP0395,2023-02-08T21:00:00.000Z,3600000000,20.119622914981846
CLDP0395,2023-02-08T22:00:00.000Z,3600000000,20.382052154350284
CLDP0395,2023-02-08T23:00:00.000Z,3600000000,20.99132708164851
CLDP0395,2023-02-09T00:00:00.000Z,3600000000,23.217292445611957
CLDP0395,2023-02-09T01:00:00.000Z,3600000000,24.07119092860222
CLDP0395,2023-02-09T02:00:00.000Z,3600000000,23.940446966552734
CLDP0395,2023-02-09T03:00:00.000Z,3600000000,23.53388125
CLDP0395,2023-02-09T04:00:00.000Z,3600000000,23.090210588407516
CLDP0395,2023-02-09T05:00:00.000Z,3600000000,22.802048028087615
CLDP0395,2023-02-09T06:00:00.000Z,3600000000,22.610311104631425
CLDP0395,2023-02-09T07:00:00.000Z,3600000000,22.582999210834508
CLDP0395,2023-02-09T08:00:00.000Z,3600000000,22.065436893081664
CLDP0395,2023-02-09T09:00:00.000Z,3600000000,21.929756068038937
CLDP0395,2023-02-09T10:00:00.000Z,3600000000,21.38603680231571
CLDP0395,2023-02-09T11:00:00.000Z,3600000000,18.32075294303894
CLDP0395,2023-02-09T12:00:00.000Z,3600000000,16.44323507268429
CLDP0395,2023-02-09T13:00:00.000Z,3600000000,12.447692561128736
CLDP0395,2023-02-09T14:00:00.000Z,3600000000,9.034646495747568
CLDP0395,2023-02-09T15:00:00.000Z,3600000000,8.97357412393689
CLDP0395,2023-02-09T16:00:00.000Z,3600000000,9.035721436968446
CLDP0395,2023-02-09T17:00:00.000Z,3600000000,10.34527400637865
CLDP0395,2023-02-09T18:00:00.000Z,3600000000,12.493397201097011
CLDP0395,2023-02-09T19:00:00.000Z,3600000000,16.89554492558241
CLDP0395,2023-02-09T20:00:00.000Z,3600000000,19.458833009719847
CLDP0395,2023-02-09T21:00:00.000Z,3600000000,19.034192900514604
CLDP0395,2023-02-09T22:00:00.000Z,3600000000,18.237146586728095
CLDP0395,2023-02-09T23:00:00.000Z,3600000000,19.04394702680111
CLDP0395,2023-02-10T00:00:00.000Z,3600000000,19.716308523201945
CLDP0395,2023-02-10T01:00:00.000Z,3600000000,21.108608633852008
CLDP0395,2023-02-10T02:00:00.000Z,3600000000,21.261844585990907
CLDP0395,2023-02-10T03:00:00.000Z,3600000000,21.821582311964033
CLDP0395,2023-02-10T04:00:00.000Z,3600000000,20.244802433609962
CLDP0395,2023-02-10T05:00:00.000Z,3600000000,19.967502754426
CLDP0395,2023-02-10T06:00:00.000Z,3600000000,20.975469941926004
CLDP0395,2023-02-10T07:00:00.000Z,3600000000,20.540956219553948
CLDP0395,2023-02-10T08:00:00.000Z,3600000000,20.68404007587433
CLDP0395,2023-02-10T09:00:00.000Z,3600000000,20.976630107831955
CLDP0395,2023-02-10T10:00:00.000Z,3600000000,18.686296634387972
CLDP0395,2023-02-10T11:00:00.000Z,3600000000,13.769737370038031
CLDP0395,2023-02-10T12:00:00.000Z,3600000000,8.23708516868949
CLDP0395,2023-02-10T13:00:00.000Z,3600000000,7.731008988618852
CLDP0395,2023-02-10T14:00:00.000Z,3600000000,8.34063751383126
CLDP0395,2023-02-10T15:00:00.000Z,3600000000,9.011262024343013
CLDP0395,2023-02-10T16:00:00.000Z,3600000000,9.090158990594745
CLDP0395,2023-02-10T17:00:00.000Z,3600000000,10.974073486089708
CLDP0395,2023-02-10T18:00:00.000Z,3600000000,12.217322746109962
CLDP0395,2023-02-10T19:00:00.000Z,3600000000,13.486180540466307
CLDP0395,2023-02-10T20:00:00.000Z,3600000000,13.51100161782503
CLDP0395,2023-02-10T21:00:00.000Z,3600000000,13.102593564713
CLDP0395,2023-02-10T22:00:00.000Z,3600000000,13.003184987354278
CLDP0395,2023-02-10T23:00:00.000Z,3600000000,13.54580897397995
CLDP0395,2023-02-11T00:00:00.000Z,3600000000,10.6398655295372
CLDP0395,2023-02-11T01:00:00.000Z,3600000000,11.287956126332283
CLDP0395,2023-02-11T02:00:00.000Z,3600000000,10.493412578105925
CLDP0395,2023-02-11T03:00:00.000Z,3600000000,10.290084409713746
CLDP0395,2023-02-11T04:00:00.000Z,3600000000,9.84877489089966
CLDP0395,2023-02-11T05:00:00.000Z,3600000000,8.56051566839218
CLDP0395,2023-02-11T06:00:00.000Z,3600000000,7.458278161883355
CLDP0395,2023-02-11T07:00:00.000Z,3600000000,7.746350040137767
CLDP0395,2023-02-11T08:00:00.000Z,3600000000,6.557093744575977
CLDP0395,2023-02-11T09:00:00.000Z,3600000000,5.696006279289723
CLDP0395,2023-02-11T10:00:00.000Z,3600000000,5.285124996900559
CLDP0395,2023-02-11T11:00:00.000Z,3600000000,4.910562505424024
CLDP0395,2023-02-11T12:00:00.000Z,3600000000,5.266315623372793
CLDP0395,2023-02-11T13:00:00.000Z,3600000000,5.8854000249505045
CLDP0395,2023-02-11T14:00:00.000Z,3600000000,5.3812030951678755
CLDP0395,2023-02-11T15:00:00.000Z,3600000000,5.503768759220839
CLDP0395,2023-02-11T16:00:00.000Z,3600000000,5.466149986982346
CLDP0395,2023-02-11T17:00:00.000Z,3600000000,6.3563249284029
CLDP0395,2023-02-11T18:00:00.000Z,3600000000,7.999443752169609
CLDP0395,2023-02-11T19:00:00.000Z,3600000000,9.013240616321564
CLDP0395,2023-02-11T20:00:00.000Z,3600000000,10.3372906011343
CLDP0395,2023-02-11T21:00:00.000Z,3600000000,11.947706148028374
CLDP0395,2023-02-11T22:00:00.000Z,3600000000,11.191675004959107
CLDP0395,2023-02-11T23:00:00.000Z,3600000000,12.384506219625473
CLDP0395,2023-02-12T00:00:00.000Z,3600000000,11.174221358084678
CLDP0395,2023-02-12T01:00:00.000Z,3600000000,11.51260477620363
CLDP0395,2023-02-12T02:00:00.000Z,3600000000,11.343413006937501
CLDP0395,2023-02-12T03:00:00.000Z,3600000000,12.33520500705242
CLDP0395,2023-02-12T04:00:00.000Z,3600000000,13.037540128898618
CLDP0395,2023-02-12T05:00:00.000Z,3600000000,12.752818331766125
CLDP0395,2023-02-12T06:00:00.000Z,3600000000,12.747136630046366
CLDP0395,2023-02-12T07:00:00.000Z,3600000000,11.563425391513107
CLDP0395,2023-02-12T08:00:00.000Z,3600000000,6.268292038589715
CLDP0395,2023-02-12T09:00:00.000Z,3600000000,3.152764781852066
CLDP0395,2023-02-12T10:00:00.000Z,3600000000,3.9372607582569117
CLDP0395,2023-02-12T11:00:00.000Z,3600000000,4.194746055275202
CLDP0395,2023-02-12T12:00:00.000Z,3600000000,3.3011231982797384
CLDP0395,2023-02-12T13:00:00.000Z,3600000000,3.101944121387601
CLDP0395,2023-02-12T14:00:00.000Z,3600000000,3.294810094352066
CLDP0395,2023-02-12T15:00:00.000Z,3600000000,3.155921356393397
CLDP0395,2023-02-12T16:00:00.000Z,3600000000,4.068934511697292
CLDP0395,2023-02-12T17:00:00.000Z,3600000000,3.8961352716743938
CLDP0395,2023-02-12T18:00:00.000Z,3600000000,4.7458818689793345
CLDP0395,2023-02-12T19:00:00.000Z,3600000000,5.422017588990927
CLDP0395,2023-02-12T20:00:00.000Z,3600000000,7.547962324368952
CLDP0395,2023-02-12T21:00:00.000Z,3600000000,9.314059247821568
CLDP0395,2023-02-12T22:00:00.000Z,3600000000,10.235234255504608
CLDP0395,2023-02-12T23:00:00.000Z,3600000000,11.710205776548385
CLDP0395,2023-02-13T00:00:00.000Z,3600000000,16.130218325042726
CLDP0395,2023-02-13T01:00:00.000Z,3600000000,16.654378293800352
CLDP0395,2023-02-13T02:00:00.000Z,3600000000,16.39639363746643
CLDP0395,2023-02-13T03:00:00.000Z,3600000000,16.90826863746643
CLDP0395,2023-02-13T04:00:00.000Z,3600000000,19.093067921447755
CLDP0395,2023-02-13T05:00:00.000Z,3600000000,20.227675381278996
CLDP0395,2023-02-13T06:00:00.000Z,3600000000,21.552817406272887
CLDP0395,2023-02-13T07:00:00.000Z,3600000000,21.76084363746643
CLDP0395,2023-02-13T08:00:00.000Z,3600000000,20.88615130004883
CLDP0395,2023-02-13T09:00:00.000Z,3600000000,19.139224618721006
CLDP0395,2023-02-13T10:00:00.000Z,3600000000,15.751548028564452
CLDP0395,2023-02-13T11:00:00.000Z,3600000000,13.915642406272887
CLDP0395,2023-02-13T12:00:00.000Z,3600000000,12.87346503124237
CLDP0395,2023-02-13T13:00:00.000Z,3600000000,12.559378528118133
CLDP0395,2023-02-13T14:00:00.000Z,3600000000,12.91236756248474
CLDP0395,2023-02-13T15:00:00.000Z,3600000000,12.674857515621184
CLDP0395,2023-02-13T16:00:00.000Z,3600000000,12.90189596786499
CLDP0395,2023-02-13T17:00:00.000Z,3600000000,13.863635731315611
CLDP0395,2023-02-13T18:00:00.000Z,3600000000,17.049955443763732
CLDP0395,2023-02-13T19:00:00.000Z,3600000000,19.02865927505493
CLDP0395,2023-02-13T20:00:00.000Z,3600000000,19.859535124969483
CLDP0395,2023-02-13T21:00:00.000Z,3600000000,20.277224843788147
CLDP0395,2023-02-13T22:00:00.000Z,3600000000,20.721239785766606
CLDP0395,2023-02-13T23:00:00.000Z,3600000000,22.17116234378815
CLDP0395,2023-02-14T00:00:00.000Z,3600000000,24.875722128168743
CLDP0395,2023-02-14T01:00:00.000Z,3600000000,25.298397906589507
CLDP0395,2023-02-14T02:00:00.000Z,3600000000,25.372926769701646
CLDP0395,2023-02-14T03:00:00.000Z,3600000000,25.134207339350386
CLDP0395,2023-02-14T04:00:00.000Z,3600000000,25.449526325066884
CLDP0395,2023-02-14T05:00:00.000Z,3600000000,26.134433980751037
CLDP0395,2023-02-14T06:00:00.000Z,3600000000,26.342148685010276
CLDP0395,2023-02-14T07:00:00.000Z,3600000000,26.608866009171805
CLDP0395,2023-02-14T08:00:00.000Z,3600000000,29.869510022417707
CLDP0395,2023-02-14T09:00:00.000Z,3600000000,30.029461164855956
CLDP0395,2023-02-14T10:00:00.000Z,3600000000,29.95059423494339
CLDP0395,2023-02-14T11:00:00.000Z,3600000000,27.789253519248966
CLDP0395,2023-02-14T12:00:00.000Z,3600000000,27.185085487206777
CLDP0395,2023-02-14T13:00:00.000Z,3600000000,23.93927893427213
CLDP0395,2023-02-14T14:00:00.000Z,3600000000,22.471471389436722
CLDP0395,2023-02-14T15:00:00.000Z,3600000000,21.76936108423869
CLDP0395,2023-02-14T16:00:00.000Z,3600000000,19.908847046931587
CLDP0395,2023-02-14T17:00:00.000Z,3600000000,19.83776828459104
CLDP0395,2023-02-14T18:00:00.000Z,3600000000,21.528817566633226
CLDP0395,2023-02-14T19:00:00.000Z,3600000000,23.533509728940327
CLDP0395,2023-02-14T20:00:00.000Z,3600000000,25.01866751022339
CLDP0395,2023-02-14T21:00:00.000Z,3600000000,26.176183727582295
CLDP0395,2023-02-14T22:00:00.000Z,3600000000,29.14147242164612
CLDP0395,2023-02-14T23:00:00.000Z,3600000000,28.63150061718623
CLDP0395,2023-02-15T00:00:00.000Z,3600000000,29.433730620956425
CLDP0395,2023-02-15T01:00:00.000Z,3600000000,28.990788292789464
CLDP0395,2023-02-15T02:00:00.000Z,3600000000,26.655688052368166
CLDP0395,2023-02-15T03:00:00.000Z,3600000000,27.267817558288577
CLDP0395,2023-02-15T04:00:00.000Z,3600000000,29.0928909113884
CLDP0395,2023-02-15T05:00:00.000Z,3600000000,31.275696307277684
CLDP0395,2023-02-15T06:00:00.000Z,3600000000,35.432223808288576
CLDP0395,2023-02-15T07:00:00.000Z,3600000000,37.46134026184082
CLDP0395,2023-02-15T08:00:00.000Z,3600000000,39.10451692924501
CLDP0395,2023-02-15T09:00:00.000Z,3600000000,35.395812101078036
CLDP0395,2023-02-15T10:00:00.000Z,3600000000,24.20700934433937
CLDP0395,2023-02-15T11:00:00.000Z,3600000000,19.61617326617241
CLDP0395,2023-02-15T12:00:00.000Z,3600000000,15.710021251010895
CLDP0395,2023-02-15T13:00:00.000Z,3600000000,12.463402813005448
CLDP0395,2023-02-15T14:00:00.000Z,3600000000,10.608084901809692
CLDP0395,2023-02-15T15:00:00.000Z,3600000000,9.979171051549912
CLDP0395,2023-02-15T16:00:00.000Z,3600000000,10.82714311068058
CLDP0395,2023-02-15T17:00:00.000Z,3600000000,12.393207584905625
CLDP0395,2023-02-15T18:00:00.000Z,3600000000,12.71302717368603
CLDP0395,2023-02-15T19:00:00.000Z,3600000000,14.868054971361163
CLDP0395,2023-02-15T20:00:00.000Z,3600000000,16.246860842895508
CLDP0395,2023-02-15T21:00:00.000Z,3600000000,17.663472642183304
CLDP0395,2023-02-15T22:00:00.000Z,3600000000,18.591774856805802
CLDP0395,2023-02-15T23:00:00.000Z,3600000000,13.057996639740466
CLDP0395,2023-02-16T00:00:00.000Z,3600000000,5.735441998958587
CLDP0395,2023-02-16T01:00:00.000Z,3600000000,6.060584994792939
CLDP0395,2023-02-16T02:00:00.000Z,3600000000,5.863440023803711
CLDP0395,2023-02-16T03:00:00.000Z,3600000000,5.323212027597428
CLDP0395,2023-02-16T04:00:00.000Z,3600000000,4.586658001041413
CLDP0395,2023-02-16T05:00:00.000Z,3600000000,4.720701009893418
CLDP0395,2023-02-16T06:00:00.000Z,3600000000,6.001890031242372
CLDP0395,2023-02-16T07:00:00.000Z,3600000000,4.877675996875762
CLDP0395,2023-02-16T08:00:00.000Z,3600000000,3.4594800011158
CLDP0395,2023-02-16T09:00:00.000Z,3600000000,3.5367000000000006
CLDP0395,2023-02-16T10:00:00.000Z,3600000000,3.578469004100562
CLDP0395,2023-02-16T11:00:00.000Z,3600000000,4.0761480062484745
CLDP0395,2023-02-16T12:00:00.000Z,3600000000,4.41958200416565
CLDP0395,2023-02-16T13:00:00.000Z,3600000000,4.915895986461639
CLDP0395,2023-02-16T14:00:00.000Z,3600000000,5.813832019042969
CLDP0395,2023-02-16T15:00:00.000Z,3600000000,5.0442059942722315
CLDP0395,2023-02-16T16:00:00.000Z,3600000000,4.578740989065171
CLDP0395,2023-02-16T17:00:00.000Z,3600000000,5.034104997396469
CLDP0395,2023-02-16T18:00:00.000Z,3600000000,4.398833997917176
CLDP0395,2023-02-16T19:00:00.000Z,3600000000,4.375356007289887
CLDP0395,2023-02-16T20:00:00.000Z,3600000000,4.933094989585877
CLDP0395,2023-02-16T21:00:00.000Z,3600000000,4.768944011306763
CLDP0395,2023-02-16T22:00:00.000Z,3600000000,4.67893200416565
CLDP0395,2023-02-16T23:00:00.000Z,3600000000,4.526870999479295
CLDP0395,2023-02-17T00:00:00.000Z,3600000000,4.533439593096575
CLDP0395,2023-02-17T01:00:00.000Z,3600000000,4.559033333333334
CLDP0395,2023-02-17T02:00:00.000Z,3600000000,4.790605582161746
CLDP0395,2023-02-17T03:00:00.000Z,3600000000,4.533761335118612
CLDP0395,2023-02-17T04:00:00.000Z,3600000000,4.098141088410219
CLDP0395,2023-02-17T05:00:00.000Z,3600000000,3.745152082112928
CLDP0395,2023-02-17T06:00:00.000Z,3600000000,3.658133333333333
CLDP0395,2023-02-17T07:00:00.000Z,3600000000,3.746175833577415
CLDP0395,2023-02-17T08:00:00.000Z,3600000000,3.7093208321129283
CLDP0395,2023-02-17T09:00:00.000Z,3600000000,3.7388633330543835
CLDP0395,2023-02-17T10:00:00.000Z,3600000000,3.724881831917664
CLDP0395,2023-02-17T11:00:00.000Z,3600000000,3.772998082405826
CLDP0395,2023-02-17T12:00:00.000Z,3600000000,3.7130063322593774
CLDP0395,2023-02-17T13:00:00.000Z,3600000000,3.7388633316596356
CLDP0395,2023-02-17T14:00:00.000Z,3600000000,3.762555831380686
CLDP0395,2023-02-17T15:00:00.000Z,3600000000,3.725993334170183
CLDP0395,2023-02-17T16:00:00.000Z,3600000000,4.069885582405826
CLDP0395,2023-02-17T17:00:00.000Z,3600000000,3.772793331380686
CLDP0395,2023-02-17T18:00:00.000Z,3600000000,3.9077235832845174
CLDP0395,2023-02-17T19:00:00.000Z,3600000000,4.183521830209097
CLDP0395,2023-02-17T20:00:00.000Z,3600000000,5.201743590362867
CLDP0395,2023-02-17T21:00:00.000Z,3600000000,7.390111592706044
CLDP0395,2023-02-17T22:00:00.000Z,3600000000,9.007431877072651
CLDP0395,2023-02-17T23:00:00.000Z,3600000000,6.292446810682614
CLDP0395,2023-02-18T00:00:00.000Z,3600000000,5.105640502095222
CLDP0395,2023-02-18T01:00:00.000Z,3600000000,4.156399190479144
CLDP0395,2023-02-18T02:00:00.000Z,3600000000,2.3714739979375152
CLDP0395,2023-02-18T03:00:00.000Z,3600000000,2.6098484940417106
CLDP0395,2023-02-18T04:00:00.000Z,3600000000,2.5915859317708763
CLDP0395,2023-02-18T05:00:00.000Z,3600000000,2.4637479958750306
CLDP0395,2023-02-18T06:00:00.000Z,3600000000,2.383557498690486
CLDP0395,2023-02-18T07:00:00.000Z,3600000000,2.370512811354175
CLDP0395,2023-02-18T08:00:00.000Z,3600000000,2.4253004981666804
CLDP0395,2023-02-18T09:00:00.000Z,3600000000,2.42626168475002
CLDP0395,2023-02-18T10:00:00.000Z,3600000000,2.500273120416701
CLDP0395,2023-02-18T11:00:00.000Z,3600000000,2.633878181541711
CLDP0395,2023-02-18T12:00:00.000Z,3600000000,2.660379490047693
CLDP0395,2023-02-18T13:00:00.000Z,3600000000,3.8939950183331966
CLDP0395,2023-02-18T14:00:00.000Z,3600000000,2.9827892435833814
CLDP0395,2023-02-18T15:00:00.000Z,3600000000,2.9558760020624844
CLDP0395,2023-02-18T16:00:00.000Z,3600000000,3.3211272417500615
CLDP0395,2023-02-18T17:00:00.000Z,3600000000,3.3336226730626075
CLDP0395,2023-02-18T18:00:00.000Z,3600000000,3.5161110185950997
CLDP0395,2023-02-18T19:00:00.000Z,3600000000,4.588933571208269
CLDP0395,2023-02-18T20:00:00.000Z,3600000000,6.423840489000082
CLDP0395,2023-02-18T21:00:00.000Z,3600000000,6.305614424666762
CLDP0395,2023-02-18T22:00:00.000Z,3600000000,6.979406838333608
CLDP0395,2023-02-18T23:00:00.000Z,3600000000,7.125507382333279
CLDP0395,2023-02-19T00:00:00.000Z,3600000000,6.073666666666667
CLDP0395,2023-02-19T01:00:00.000Z,3600000000,6.676828704655172
CLDP0395,2023-02-19T02:00:00.000Z,3600000000,6.5946633166273445
CLDP0395,2023-02-19T03:00:00.000Z,3600000000,5.835988750795524
CLDP0395,2023-02-19T04:00:00.000Z,3600000000,5.13028374761343
CLDP0395,2023-02-19T05:00:00.000Z,3600000000,5.054374593675137
CLDP0395,2023-02-19T06:00:00.000Z,3600000000,4.809069989999136
CLDP0395,2023-02-19T07:00:00.000Z,3600000000,4.9488525015910465
CLDP0395,2023-02-19T08:00:00.000Z,3600000000,4.8170541746219
CLDP0395,2023-02-19T09:00:00.000Z,3600000000,4.8458329270084715
CLDP0395,2023-02-19T10:00:00.000Z,3600000000,4.549703751889368
CLDP0395,2023-02-19T11:00:00.000Z,3600000000,4.292780417462191
CLDP0395,2023-02-19T12:00:00.000Z,3600000000,4.502573334356149
CLDP0395,2023-02-19T13:00:00.000Z,3600000000,4.850540007273357
CLDP0395,2023-02-19T14:00:00.000Z,3600000000,4.918405417462191
CLDP0395,2023-02-19T15:00:00.000Z,3600000000,4.872943330605826
CLDP0395,2023-02-19T16:00:00.000Z,3600000000,4.94259624761343
CLDP0395,2023-02-19T17:00:00.000Z,3600000000,5.81864998181661
CLDP0395,2023-02-19T18:00:00.000Z,3600000000,6.214700454056263
CLDP0395,2023-02-19T19:00:00.000Z,3600000000,6.867435854812463
CLDP0395,2023-02-19T20:00:00.000Z,3600000000,6.6385166621208205
CLDP0395,2023-02-19T21:00:00.000Z,3600000000,6.764833293557167
CLDP0395,2023-02-19T22:00:00.000Z,3600000000,6.050786671439807
CLDP0395,2023-02-19T23:00:00.000Z,3600000000,5.845998741249245
CLDP0395,2023-02-20T00:00:00.000Z,3600000000,4.47547333265245
CLDP0395,2023-02-20T01:00:00.000Z,3600000000,4.475737807455658
CLDP0395,2023-02-20T02:00:00.000Z,3600000000,4.4409035011529925
CLDP0395,2023-02-20T03:00:00.000Z,3600000000,4.066604656754434
CLDP0395,2023-02-20T04:00:00.000Z,3600000000,4.234277848289907
CLDP0395,2023-02-20T05:00:00.000Z,3600000000,3.8053095287278293
CLDP0395,2023-02-20T06:00:00.000Z,3600000000,3.610925
CLDP0395,2023-02-20T07:00:00.000Z,3600000000,4.017677940526604
CLDP0395,2023-02-20T08:00:00.000Z,3600000000,4.222981264412403
CLDP0395,2023-02-20T09:00:00.000Z,3600000000,3.7656392162278296
CLDP0395,2023-02-20T10:00:00.000Z,3600000000,3.654562346272171
CLDP0395,2023-02-20T11:00:00.000Z,3600000000,3.7307293492987754
CLDP0395,2023-02-20T12:00:00.000Z,3600000000,3.8267314959645273
CLDP0395,2023-02-20T13:00:00.000Z,3600000000,3.863492648683488
CLDP0395,2023-02-20T14:00:00.000Z,3600000000,3.8490980034589772
CLDP0395,2023-02-20T15:00:00.000Z,3600000000,3.7198861219733956
CLDP0395,2023-02-20T16:00:00.000Z,3600000000,3.5984949742987755
CLDP0395,2023-02-20T17:00:00.000Z,3600000000,3.8153593442544342
CLDP0395,2023-02-20T18:00:00.000Z,3600000000,4.544764142125845
CLDP0395,2023-02-20T19:00:00.000Z,3600000000,5.204878143134714
CLDP0395,2023-02-20T20:00:00.000Z,3600000000,6.5040620368957525
CLDP0395,2023-02-20T21:00:00.000Z,3600000000,8.109802972835302
CLDP0395,2023-02-20T22:00:00.000Z,3600000000,10.138278255069258
CLDP0395,2023-02-20T23:00:00.000Z,3600000000,10.650289569437506
CLDP0395,2023-02-21T00:00:00.000Z,3600000000,8.312140690088272
CLDP0395,2023-02-21T01:00:00.000Z,3600000000,6.234070376232267
CLDP0395,2023-02-21T02:00:00.000Z,3600000000,4.731656228303909
CLDP0395,2023-02-21T03:00:00.000Z,3600000000,4.511824221462011
CLDP0395,2023-02-21T04:00:00.000Z,3600000000,3.937386692985892
CLDP0395,2023-02-21T05:00:00.000Z,3600000000,3.7361913859099145
CLDP0395,2023-02-21T06:00:00.000Z,3600000000,4.938742266148329
CLDP0395,2023-02-21T07:00:00.000Z,3600000000,5.867937523052095
CLDP0395,2023-02-21T08:00:00.000Z,3600000000,7.063937549591065
CLDP0395,2023-02-21T09:00:00.000Z,3600000000,4.7546094089001425
CLDP0395,2023-02-21T10:00:00.000Z,3600000000,5.924812502712012
CLDP0395,2023-02-21T11:00:00.000Z,3600000000,7.206277319341897
CLDP0395,2023-02-21T12:00:00.000Z,3600000000,6.615843771696091
CLDP0395,2023-02-21T13:00:00.000Z,3600000000,6.9855311903357515
CLDP0395,2023-02-21T14:00:00.000Z,3600000000,7.66031256198883
CLDP0395,2023-02-21T15:00:00.000Z,3600000000,9.003527368158103
CLDP0395,2023-02-21T16:00:00.000Z,3600000000,10.850542892813683
CLDP0395,2023-02-21T17:00:00.000Z,3600000000,9.52002341851592
CLDP0395,2023-02-21T18:00:00.000Z,3600000000,13.115234266519547
CLDP0395,2023-02-21T19:00:00.000Z,3600000000,11.919792822301389
CLDP0395,2023-02-21T20:00:00.000Z,3600000000,13.065062444210051
CLDP0395,2023-02-21T21:00:00.000Z,3600000000,14.242425775825978
CLDP0395,2023-02-21T22:00:00.000Z,3600000000,15.593207025825977
CLDP0395,2023-02-21T23:00:00.000Z,3600000000,16.824906027615068
CLDP0395,2023-02-22T00:00:00.000Z,3600000000,17.89101576602459
CLDP0395,2023-02-22T01:00:00.000Z,3600000000,18.202662339806558
CLDP0395,2023-02-22T02:00:00.000Z,3600000000,18.04554489040375
CLDP0395,2023-02-22T03:00:00.000Z,3600000000,17.376780318140984
CLDP0395,2023-02-22T04:00:00.000Z,3600000000,17.33759353339672
CLDP0395,2023-02-22T05:00:00.000Z,3600000000,17.126871630191804
CLDP0395,2023-02-22T06:00:00.000Z,3600000000,16.998959648013113
CLDP0395,2023-02-22T07:00:00.000Z,3600000000,16.53204415500164
CLDP0395,2023-02-22T08:00:00.000Z,3600000000,14.93467750644684
CLDP0395,2023-02-22T09:00:00.000Z,3600000000,12.968996272563935
CLDP0395,2023-02-22T10:00:00.000Z,3600000000,13.210402023911476
CLDP0395,2023-02-22T11:00:00.000Z,3600000000,12.08803103339672
CLDP0395,2023-02-22T12:00:00.000Z,3600000000,10.10428784352541
CLDP0395,2023-02-22T13:00:00.000Z,3600000000,8.668421517372131
CLDP0395,2023-02-22T14:00:00.000Z,3600000000,6.8818274903297425
CLDP0395,2023-02-22T15:00:00.000Z,3600000000,4.922378153204918
CLDP0395,2023-02-22T16:00:00.000Z,3600000000,3.9216341019868857
CLDP0395,2023-02-22T17:00:00.000Z,3600000000,4.944929148525
CLDP0395,2023-02-22T18:00:00.000Z,3600000000,6.795584648013116
CLDP0395,2023-02-22T19:00:00.000Z,3600000000,3.6842946889102457
CLDP0395,2023-02-22T20:00:00.000Z,3600000000,4.363727514505387
CLDP0395,2023-02-22T21:00:00.000Z,3600000000,5.179310852885248
CLDP0395,2023-02-22T22:00:00.000Z,3600000000,5.583749138653278
CLDP0395,2023-02-22T23:00:00.000Z,3600000000,8.004093175768851
CLDP0395,2023-02-23T00:00:00.000Z,3600000000,8.183600209081172
CLDP0395,2023-02-23T01:00:00.000Z,3600000000,6.592795144569874
CLDP0395,2023-02-23T02:00:00.000Z,3600000000,5.799890998983384
CLDP0395,2023-02-23T03:00:00.000Z,3600000000,5.07567728202343
CLDP0395,2023-02-23T04:00:00.000Z,3600000000,5.587057409924268
CLDP0395,2023-02-23T05:00:00.000Z,3600000000,5.300236824953557
CLDP0395,2023-02-23T06:00:00.000Z,3600000000,4.287969868773222
CLDP0395,2023-02-23T07:00:00.000Z,3600000000,3.6184885665029283
CLDP0395,2023-02-23T08:00:00.000Z,3600000000,3.499462997585535
CLDP0395,2023-02-23T09:00:00.000Z,3600000000,3.445463434164226
CLDP0395,2023-02-23T10:00:00.000Z,3600000000,3.4076870618328448
CLDP0395,2023-02-23T11:00:00.000Z,3600000000,3.4116512497220186
CLDP0395,2023-02-23T12:00:00.000Z,3600000000,3.497231065391004
CLDP0395,2023-02-23T13:00:00.000Z,3600000000,3.7094316826075313
CLDP0395,2023-02-23T14:00:00.000Z,3600000000,3.751172255337238
CLDP0395,2023-02-23T15:00:00.000Z,3600000000,3.703291089856624
CLDP0395,2023-02-23T16:00:00.000Z,3600000000,3.8302228147238493
CLDP0395,2023-02-23T17:00:00.000Z,3600000000,4.2667498098313805
CLDP0395,2023-02-23T18:00:00.000Z,3600000000,4.5603328647702925
CLDP0395,2023-02-23T19:00:00.000Z,3600000000,4.732425242438913
CLDP0395,2023-02-23T20:00:00.000Z,3600000000,4.88286450304985
CLDP0395,2023-02-23T21:00:00.000Z,3600000000,5.778504348313809
CLDP0395,2023-02-23T22:00:00.000Z,3600000000,7.522047296488285
CLDP0395,2023-02-23T23:00:00.000Z,3600000000,6.347948269569874
CLDP0395,2023-02-24T00:00:00.000Z,3600000000,9.50916502974828
CLDP0395,2023-02-24T01:00:00.000Z,3600000000,9.97508132448991
CLDP0395,2023-02-24T02:00:00.000Z,3600000000,11.442513520240782
CLDP0395,2023-02-24T03:00:00.000Z,3600000000,11.333385193483036
CLDP0395,2023-02-24T04:00:00.000Z,3600000000,11.34627306550344
CLDP0395,2023-02-24T05:00:00.000Z,3600000000,10.854581026721
CLDP0395,2023-02-24T06:00:00.000Z,3600000000,11.214270014945667
CLDP0395,2023-02-24T07:00:00.000Z,3600000000,11.45289099711577
CLDP0395,2023-02-24T08:00:00.000Z,3600000000,10.157519982973735
CLDP0395,2023-02-24T09:00:00.000Z,3600000000,8.973341852653025
CLDP0395,2023-02-24T10:00:00.000Z,3600000000,9.453708147346973
CLDP0395,2023-02-24T11:00:00.000Z,3600000000,10.078965327374139
CLDP0395,2023-02-24T12:00:00.000Z,3600000000,10.658529166666666
CLDP0395,2023-02-24T13:00:00.000Z,3600000000,5.9790589285850535
CLDP0395,2023-02-24T14:00:00.000Z,3600000000,6.709594961690903
CLDP0395,2023-02-24T15:00:00.000Z,3600000000,6.778107142829896
CLDP0395,2023-02-24T16:00:00.000Z,3600000000,6.341481566200655
CLDP0395,2023-02-24T17:00:00.000Z,3600000000,5.488148046880961
CLDP0395,2023-02-24T18:00:00.000Z,3600000000,5.753716387663285
CLDP0395,2023-02-24T19:00:00.000Z,3600000000,5.583049665176869
CLDP0395,2023-02-24T20:00:00.000Z,3600000000,5.592422661558787
CLDP0395,2023-02-24T21:00:00.000Z,3600000000,5.1347078497211145
CLDP0395,2023-02-24T22:00:00.000Z,3600000000,5.577191536452374
CLDP0395,2023-02-24T23:00:00.000Z,3600000000,5.948206119785707
CLDP0395,2023-02-25T00:00:00.000Z,3600000000,6.000088582232595
CLDP0395,2023-02-25T01:00:00.000Z,3600000000,6.417562436339259
CLDP0395,2023-02-25T02:00:00.000Z,3600000000,6.053729007959366
CLDP0395,2023-02-25T03:00:00.000Z,3600000000,5.7688348206251865
CLDP0395,2023-02-25T04:00:00.000Z,3600000000,5.906978506964444
CLDP0395,2023-02-25T05:00:00.000Z,3600000000,5.9848744907140725
CLDP0395,2023-02-25T06:00:00.000Z,3600000000,6.216128252321483
CLDP0395,2023-02-25T07:00:00.000Z,3600000000,6.086417493367195
CLDP0395,2023-02-25T08:00:00.000Z,3600000000,6.688981284642219
CLDP0395,2023-02-25T09:00:00.000Z,3600000000,7.693109438660741
CLDP0395,2023-02-25T10:00:00.000Z,3600000000,5.889330167767406
CLDP0395,2023-02-25T11:00:00.000Z,3600000000,5.221128570625186
CLDP0395,2023-02-25T12:00:00.000Z,3600000000,5.361706504642963
CLDP0395,2023-02-25T13:00:00.000Z,3600000000,5.096720992040635
CLDP0395,2023-02-25T14:00:00.000Z,3600000000,4.857208172700554
CLDP0395,2023-02-25T15:00:00.000Z,3600000000,4.78661492473185
CLDP0395,2023-02-25T16:00:00.000Z,3600000000,5.3909174840398135
CLDP0395,2023-02-25T17:00:00.000Z,3600000000,5.146797010612488
CLDP0395,2023-02-25T18:00:00.000Z,3600000000,6.961008767411113
CLDP0395,2023-02-25T19:00:00.000Z,3600000000,8.21038753464222
CLDP0395,2023-02-25T20:00:00.000Z,3600000000,8.615690179374814
CLDP0395,2023-02-25T21:00:00.000Z,3600000000,8.414256024375558
CLDP0395,2023-02-25T22:00:00.000Z,3600000000,7.7319705490827575
CLDP0395,2023-02-25T23:00:00.000Z,3600000000,6.393828506964446
CLDP0395,2023-02-26T00:00:00.000Z,3600000000,4.8646711873213455
CLDP0395,2023-02-26T01:00:00.000Z,3600000000,4.677870921830336
CLDP0395,2023-02-26T02:00:00.000Z,3600000000,4.553337411502997
CLDP0395,2023-02-26T03:00:00.000Z,3600000000,4.5253625
CLDP0395,2023-02-26T04:00:00.000Z,3600000000,4.725183333333334
CLDP0395,2023-02-26T05:00:00.000Z,3600000000,4.608384840218226
CLDP0395,2023-02-26T06:00:00.000Z,3600000000,4.550630185600122
CLDP0395,2023-02-26T07:00:00.000Z,3600000000,3.833208909781774
CLDP0395,2023-02-26T08:00:00.000Z,3600000000,4.138676950587828
CLDP0395,2023-02-26T09:00:00.000Z,3600000000,4.200943705751499
CLDP0395,2023-02-26T10:00:00.000Z,3600000000,3.388059670908252
CLDP0395,2023-02-26T11:00:00.000Z,3600000000,3.2385163315045338
CLDP0395,2023-02-26T12:00:00.000Z,3600000000,3.6369332944636543
CLDP0395,2023-02-26T13:00:00.000Z,3600000000,3.8138069538151234
CLDP0395,2023-02-26T14:00:00.000Z,3600000000,3.985266129087905
CLDP0395,2023-02-26T15:00:00.000Z,3600000000,3.5728617076878746
CLDP0395,2023-02-26T16:00:00.000Z,3600000000,3.6324856667896106
CLDP0395,2023-02-26T17:00:00.000Z,3600000000,4.1368721189757185
CLDP0395,2023-02-26T18:00:00.000Z,3600000000,5.920498648593823
CLDP0395,2023-02-26T19:00:00.000Z,3600000000,6.985801529618104
CLDP0395,2023-02-26T20:00:00.000Z,3600000000,9.643869814399878
CLDP0395,2023-02-26T21:00:00.000Z,3600000000,7.1956135164976125
CLDP0395,2023-02-26T22:00:00.000Z,3600000000,7.009586627324422
CLDP0395,2023-02-26T23:00:00.000Z,3600000000,5.78829461467266
CLDP0395,2023-02-27T00:00:00.000Z,3600000000,4.731683726459742
CLDP0395,2023-02-27T01:00:00.000Z,3600000000,4.166346253037453
CLDP0395,2023-02-27T02:00:00.000Z,3600000000,4.413980013668537
CLDP0395,2023-02-27T03:00:00.000Z,3600000000,4.733276243925094
CLDP0395,2023-02-27T04:00:00.000Z,3600000000,5.435455032110213
CLDP0395,2023-02-27T05:00:00.000Z,3600000000,5.165241865128279
CLDP0395,2023-02-27T06:00:00.000Z,3600000000,5.013158127278089
CLDP0395,2023-02-27T07:00:00.000Z,3600000000,5.114281875759363
CLDP0395,2023-02-27T08:00:00.000Z,3600000000,4.5720356303155425
CLDP0395,2023-02-27T09:00:00.000Z,3600000000,4.7157587606310845
CLDP0395,2023-02-27T10:00:00.000Z,3600000000,3.994924995660782
CLDP0395,2023-02-27T11:00:00.000Z,3600000000,3.8247550060749056
CLDP0395,2023-02-27T12:00:00.000Z,3600000000,3.475997506454587
CLDP0395,2023-02-27T13:00:00.000Z,3600000000,4.170725595384836
CLDP0395,2023-02-27T14:00:00.000Z,3600000000,4.087119368165731
CLDP0395,2023-02-27T15:00:00.000Z,3600000000,4.107025618165732
CLDP0395,2023-02-27T16:00:00.000Z,3600000000,3.991284999132156
CLDP0395,2023-02-27T17:00:00.000Z,3600000000,4.12971875
CLDP0395,2023-02-27T18:00:00.000Z,3600000000,6.294722504556179
CLDP0395,2023-02-27T19:00:00.000Z,3600000000,4.693463743925095
CLDP0395,2023-02-27T20:00:00.000Z,3600000000,5.091190590828657
CLDP0395,2023-02-27T21:00:00.000Z,3600000000,4.267470001518726
CLDP0395,2023-02-27T22:00:00.000Z,3600000000,5.2352550060749055
CLDP0395,2023-02-27T23:00:00.000Z,3600000000,4.611848130315542
CLDP0395,2023-02-28T00:00:00.000Z,3600000000,4.323499061360955
CLDP0395,2023-02-28T01:00:00.000Z,3600000000,4.938204092115163
CLDP0395,2023-02-28T02:00:00.000Z,3600000000,4.5364959230721
CLDP0395,2023-02-28T03:00:00.000Z,3600000000,4.610547178387642
CLDP0395,2023-02-28T04:00:00.000Z,3600000000,5.629377448797226
CLDP0395,2023-02-28T05:00:00.000Z,3600000000,6.493280301868915
CLDP0395,2023-02-28T06:00:00.000Z,3600000000,6.587835027337074
CLDP0395,2023-02-28T07:00:00.000Z,3600000000,6.8324827821254726
CLDP0395,2023-02-28T08:00:00.000Z,3600000000,6.234499051868915
CLDP0395,2023-02-28T09:00:00.000Z,3600000000,4.8303121871203185
CLDP0395,2023-02-28T10:00:00.000Z,3600000000,3.883997496962547
CLDP0395,2023-02-28T11:00:00.000Z,3600000000,4.0589450091123584
CLDP0395,2023-02-28T12:00:00.000Z,3600000000,4.274330628037452
CLDP0395,2023-02-28T13:00:00.000Z,3600000000,3.886357810601592
CLDP0395,2023-02-28T14:00:00.000Z,3600000000,3.7661240613609555
CLDP0395,2023-02-28T15:00:00.000Z,3600000000,3.5837828143984076
CLDP0395,2023-02-28T16:00:00.000Z,3600000000,3.6567249913215636
CLDP0395,2023-02-28T17:00:00.000Z,3600000000,3.685503754556179
CLDP0395,2023-02-28T18:00:00.000Z,3600000000,3.6307615575641385
CLDP0395,2023-02-28T19:00:00.000Z,3600000000,4.070888747721911
CLDP0395,2023-02-28T20:00:00.000Z,3600000000,4.110502190157771
CLDP0395,2023-02-28T21:00:00.000Z,3600000000,4.502058129176498
CLDP0395,2023-02-28T22:00:00.000Z,3600000000,4.612907506942749
CLDP0395,2023-02-28T23:00:00.000Z,3600000000,4.932033108294011
CLDP0395,2023-03-01T00:00:00.000Z,3600000000,4.964513264164328
CLDP0395,2023-03-01T01:00:00.000Z,3600000000,4.840298297196626
CLDP0395,2023-03-01T02:00:00.000Z,3600000000,3.9379479624852536
CLDP0395,2023-03-01T03:00:00.000Z,3600000000,3.3646479681804777
CLDP0395,2023-03-01T04:00:00.000Z,3600000000,3.3723687532544133
CLDP0395,2023-03-01T05:00:00.000Z,3600000000,3.2831318738609547
CLDP0395,2023-03-01T06:00:00.000Z,3600000000,3.3655437556952235
CLDP0395,2023-03-01T07:00:00.000Z,3600000000,3.3685297045856712
CLDP0395,2023-03-01T08:00:00.000Z,3600000000,3.500209529541433
CLDP0395,2023-03-01T09:00:00.000Z,3600000000,2.9412420215681188
CLDP0395,2023-03-01T10:00:00.000Z,3600000000,2.4943325026035303
CLDP0395,2023-03-01T11:00:00.000Z,3600000000,2.9119798477366565
CLDP0395,2023-03-01T12:00:00.000Z,3600000000,3.6115849988609554
CLDP0395,2023-03-01T13:00:00.000Z,3600000000,3.0218623568490144
CLDP0395,2023-03-01T14:00:00.000Z,3600000000,3.024848277263343
CLDP0395,2023-03-01T15:00:00.000Z,3600000000,3.095913593180477
CLDP0395,2023-03-01T16:00:00.000Z,3600000000,3.0550062467455867
CLDP0395,2023-03-01T17:00:00.000Z,3600000000,3.996472367100417
CLDP0395,2023-03-01T18:00:00.000Z,3600000000,3.8674798477366563
CLDP0395,2023-03-01T19:00:00.000Z,3600000000,4.997060007810592
CLDP0395,2023-03-01T20:00:00.000Z,3600000000,6.149631902337074
CLDP0395,2023-03-01T21:00:00.000Z,3600000000,4.744151101723312
CLDP0395,2023-03-01T22:00:00.000Z,3600000000,3.9364550022780893
CLDP0395,2023-03-01T23:00:00.000Z,3600000000,3.517229378417134
CLDP0395,2023-03-02T00:00:00.000Z,3600000000,5.698596821445227
CLDP0395,2023-03-02T01:00:00.000Z,3600000000,6.977081767654419
CLDP0395,2023-03-02T02:00:00.000Z,3600000000,7.6739934726119055
CLDP0395,2023-03-02T03:00:00.000Z,3600000000,8.800260660111904
CLDP0395,2023-03-02T04:00:00.000Z,3600000000,10.185949037909506
CLDP0395,2023-03-02T05:00:00.000Z,3600000000,11.289943755280973
CLDP0395,2023-03-02T06:00:00.000Z,3600000000,12.154765149235727
CLDP0395,2023-03-02T07:00:00.000Z,3600000000,13.117859245586397
CLDP0395,2023-03-02T08:00:00.000Z,3600000000,13.709267205035687
CLDP0395,2023-03-02T09:00:00.000Z,3600000000,13.692309680485728
CLDP0395,2023-03-02T10:00:00.000Z,3600000000,12.455440551269055
CLDP0395,2023-03-02T11:00:00.000Z,3600000000,11.51393168541193
CLDP0395,2023-03-02T12:00:00.000Z,3600000000,10.919920816361904
CLDP0395,2023-03-02T13:00:00.000Z,3600000000,9.379592252206802
CLDP0395,2023-03-02T14:00:00.000Z,3600000000,7.944803804421426
CLDP0395,2023-03-02T15:00:00.000Z,3600000000,6.694267492985726
CLDP0395,2023-03-02T16:00:00.000Z,3600000000,6.088108038973809
CLDP0395,2023-03-02T17:00:00.000Z,3600000000,6.007877245882153
CLDP0395,2023-03-02T18:00:00.000Z,3600000000,5.707455039939284
CLDP0395,2023-03-02T19:00:00.000Z,3600000000,5.718844240069389
CLDP0395,2023-03-02T20:00:00.000Z,3600000000,6.263248915904761
CLDP0395,2023-03-02T21:00:00.000Z,3600000000,6.541905188721418
CLDP0395,2023-03-02T22:00:00.000Z,3600000000,7.162490978759527
CLDP0395,2023-03-02T23:00:00.000Z,3600000000,7.399133644664288
CLDP0395,2023-03-03T00:00:00.000Z,3600000000,7.5506452973842615
CLDP0395,2023-03-03T01:00:00.000Z,3600000000,7.477426015472412
CLDP0395,2023-03-03T02:00:00.000Z,3600000000,7.411051261281967
CLDP0395,2023-03-03T03:00:00.000Z,3600000000,7.064136553025246
CLDP0395,2023-03-03T04:00:00.000Z,3600000000,6.551897477436066
CLDP0395,2023-03-03T05:00:00.000Z,3600000000,6.048530992102624
CLDP0395,2023-03-03T06:00:00.000Z,3600000000,5.543094265794753
CLDP0395,2023-03-03T07:00:00.000Z,3600000000,5.249330045127869
CLDP0395,2023-03-03T08:00:00.000Z,3600000000,5.944427006769181
CLDP0395,2023-03-03T09:00:00.000Z,3600000000,5.787088015794755
CLDP0395,2023-03-03T10:00:00.000Z,3600000000,4.995956751692296
CLDP0395,2023-03-03T11:00:00.000Z,3600000000,4.174659002256393
CLDP0395,2023-03-03T12:00:00.000Z,3600000000,4.047486496615409
CLDP0395,2023-03-03T13:00:00.000Z,3600000000,4.16097000322342
CLDP0395,2023-03-03T14:00:00.000Z,3600000000,4.903091255640984
CLDP0395,2023-03-03T15:00:00.000Z,3600000000,3.7881137471795086
CLDP0395,2023-03-03T16:00:00.000Z,3600000000,4.007560249435902
CLDP0395,2023-03-03T17:00:00.000Z,3600000000,4.1575055045127876
CLDP0395,2023-03-03T18:00:00.000Z,3600000000,5.1503382313847546
CLDP0395,2023-03-03T19:00:00.000Z,3600000000,5.623495970344543
CLDP0395,2023-03-03T20:00:00.000Z,3600000000,5.930230992102624
CLDP0395,2023-03-03T21:00:00.000Z,3600000000,5.320394523692132
CLDP0395,2023-03-03T22:00:00.000Z,3600000000,4.383374000644684
CLDP0395,2023-03-03T23:00:00.000Z,3600000000,4.2341047449231155
CLDP0395,2023-03-04T00:00:00.000Z,3600000000,3.9678292807564133
CLDP0395,2023-03-04T01:00:00.000Z,3600000000,3.499952782730758
CLDP0395,2023-03-04T02:00:00.000Z,3600000000,3.3498596558798095
CLDP0395,2023-03-04T03:00:00.000Z,3600000000,3.308047993230819
CLDP0395,2023-03-04T04:00:00.000Z,3600000000,3.4194718074407424
CLDP0395,2023-03-04T05:00:00.000Z,3600000000,3.580692529769242
CLDP0395,2023-03-04T06:00:00.000Z,3600000000,3.48597859621793
CLDP0395,2023-03-04T07:00:00.000Z,3600000000,3.495294712333381
CLDP0395,2023-03-04T08:00:00.000Z,3600000000,3.9667941690832373
CLDP0395,2023-03-04T09:00:00.000Z,3600000000,4.73178850338459
CLDP0395,2023-03-04T10:00:00.000Z,3600000000,4.440363861519098
CLDP0395,2023-03-04T11:00:00.000Z,3600000000,4.504024037666619
CLDP0395,2023-03-04T12:00:00.000Z,3600000000,4.629015416461229
CLDP0395,2023-03-04T13:00:00.000Z,3600000000,4.160103745064139
CLDP0395,2023-03-04T14:00:00.000Z,3600000000,4.39973517614752
CLDP0395,2023-03-04T15:00:00.000Z,3600000000,4.9935272646665565
CLDP0395,2023-03-04T16:00:00.000Z,3600000000,5.71537906743586
CLDP0395,2023-03-04T17:00:00.000Z,3600000000,6.328173124691844
CLDP0395,2023-03-04T18:00:00.000Z,3600000000,7.014978511846066
CLDP0395,2023-03-04T19:00:00.000Z,3600000000,6.74092918882668
CLDP0395,2023-03-04T20:00:00.000Z,3600000000,8.038458434569835
CLDP0395,2023-03-04T21:00:00.000Z,3600000000,7.856682970666886
CLDP0395,2023-03-04T22:00:00.000Z,3600000000,8.38496641380787
CLDP0395,2023-03-04T23:00:00.000Z,3600000000,8.56740727403164
CLDP0395,2023-03-05T00:00:00.000Z,3600000000,8.273863773179054
CLDP0395,2023-03-05T01:00:00.000Z,3600000000,8.643062174409629
CLDP0395,2023-03-05T02:00:00.000Z,3600000000,9.078906611859798
CLDP0395,2023-03-05T03:00:00.000Z,3600000000,9.703770602416991
CLDP0395,2023-03-05T04:00:00.000Z,3600000000,10.118004354822636
CLDP0395,2023-03-05T05:00:00.000Z,3600000000,9.864907870030402
CLDP0395,2023-03-05T06:00:00.000Z,3600000000,9.611017607724666
CLDP0395,2023-03-05T07:00:00.000Z,3600000000,9.653597395277023
CLDP0395,2023-03-05T08:00:00.000Z,3600000000,10.855078732824325
CLDP0395,2023-03-05T09:00:00.000Z,3600000000,12.02807314853668
CLDP0395,2023-03-05T10:00:00.000Z,3600000000,12.399047222685812
CLDP0395,2023-03-05T11:00:00.000Z,3600000000,11.037033059298992
CLDP0395,2023-03-05T12:00:00.000Z,3600000000,10.365811545324327
CLDP0395,2023-03-05T13:00:00.000Z,3600000000,9.32592037795186
CLDP0395,2023-03-05T14:00:00.000Z,3600000000,9.252133622932433
CLDP0395,2023-03-05T15:00:00.000Z,3600000000,7.848862442350388
CLDP0395,2023-03-05T16:00:00.000Z,3600000000,6.788871726796031
CLDP0395,2023-03-05T17:00:00.000Z,3600000000,6.144361461737752
CLDP0395,2023-03-05T18:00:00.000Z,3600000000,7.128449580609798
CLDP0395,2023-03-05T19:00:00.000Z,3600000000,7.0356210937500006
CLDP0395,2023-03-05T20:00:00.000Z,3600000000,7.344785076624155
CLDP0395,2023-03-05T21:00:00.000Z,3600000000,7.672650752305984
CLDP0395,2023-03-05T22:00:00.000Z,3600000000,8.543621918356417
CLDP0395,2023-03-05T23:00:00.000Z,3600000000,9.387277170324326
CLDP0395,2023-03-06T00:00:00.000Z,3600000000,9.978367395353317
CLDP0395,2023-03-06T01:00:00.000Z,3600000000,10.044092372858524
CLDP0395,2023-03-06T02:00:00.000Z,3600000000,10.50051436393261
CLDP0395,2023-03-06T03:00:00.000Z,3600000000,10.720205297756197
CLDP0395,2023-03-06T04:00:00.000Z,3600000000,11.314466591608523
CLDP0395,2023-03-06T05:00:00.000Z,3600000000,11.188798402857781
CLDP0395,2023-03-06T06:00:00.000Z,3600000000,10.859566215717795
CLDP0395,2023-03-06T07:00:00.000Z,3600000000,10.595145503032207
CLDP0395,2023-03-06T08:00:00.000Z,3600000000,10.042570641601088
CLDP0395,2023-03-06T09:00:00.000Z,3600000000,9.251657063674926
CLDP0395,2023-03-06T10:00:00.000Z,3600000000,6.930686632144451
CLDP0395,2023-03-06T11:00:00.000Z,3600000000,5.661225190982223
CLDP0395,2023-03-06T12:00:00.000Z,3600000000,3.909782332232594
CLDP0395,2023-03-06T13:00:00.000Z,3600000000,3.4913955844640725
CLDP0395,2023-03-06T14:00:00.000Z,3600000000,3.004545569954813
CLDP0395,2023-03-06T15:00:00.000Z,3600000000,2.784897979438305
CLDP0395,2023-03-06T16:00:00.000Z,3600000000,2.8012857146874075
CLDP0395,2023-03-06T17:00:00.000Z,3600000000,3.002111336785555
CLDP0395,2023-03-06T18:00:00.000Z,3600000000,2.9984599652677777
CLDP0395,2023-03-06T19:00:00.000Z,3600000000,3.100698454821109
CLDP0395,2023-03-06T20:00:00.000Z,3600000000,5.519430046069623
CLDP0395,2023-03-06T21:00:00.000Z,3600000000,4.982330297756195
CLDP0395,2023-03-06T22:00:00.000Z,3600000000,4.761161226785183
CLDP0395,2023-03-06T23:00:00.000Z,3600000000,3.6961768808037037
CLDP0395,2023-03-07T00:00:00.000Z,3600000000,3.596854362416267
CLDP0395,2023-03-07T01:00:00.000Z,3600000000,3.529559863674641
CLDP0395,2023-03-07T02:00:00.000Z,3600000000,2.5636858882129197
CLDP0395,2023-03-07T03:00:00.000Z,3600000000,3.871168974113465
CLDP0395,2023-03-07T04:00:00.000Z,3600000000,6.301829299497606
CLDP0395,2023-03-07T05:00:00.000Z,3600000000,6.414646677851678
CLDP0395,2023-03-07T06:00:00.000Z,3600000000,7.873683661913872
CLDP0395,2023-03-07T07:00:00.000Z,3600000000,8.760717642617227
CLDP0395,2023-03-07T08:00:00.000Z,3600000000,7.517418750000002
CLDP0395,2023-03-07T09:00:00.000Z,3600000000,4.969746987056732
CLDP0395,2023-03-07T10:00:00.000Z,3600000000,4.538647493708134
CLDP0395,2023-03-07T11:00:00.000Z,3600000000,4.9163543938756
CLDP0395,2023-03-07T12:00:00.000Z,3600000000,5.921483590602874
CLDP0395,2023-03-07T13:00:00.000Z,3600000000,4.178094108641148
CLDP0395,2023-03-07T14:00:00.000Z,3600000000,3.619615723574162
CLDP0395,2023-03-07T15:00:00.000Z,3600000000,5.008955021572114
CLDP0395,2023-03-07T16:00:00.000Z,3600000000,5.438876398909092
CLDP0395,2023-03-07T17:00:00.000Z,3600000000,5.789533559143544
CLDP0395,2023-03-07T18:00:00.000Z,3600000000,8.09107135486603
CLDP0395,2023-03-07T19:00:00.000Z,3600000000,10.373146614933015
CLDP0395,2023-03-07T20:00:00.000Z,3600000000,14.410816791105272
CLDP0395,2023-03-07T21:00:00.000Z,3600000000,13.805495838928225
CLDP0395,2023-03-07T22:00:00.000Z,3600000000,14.44809244966507
CLDP0395,2023-03-07T23:00:00.000Z,3600000000,12.697775654363635
CLDP0395,2023-03-08T00:00:00.000Z,3600000000,10.166660104143622
CLDP0395,2023-03-08T01:00:00.000Z,3600000000,10.424378051519396
CLDP0395,2023-03-08T02:00:00.000Z,3600000000,9.956180094993115
CLDP0395,2023-03-08T03:00:00.000Z,3600000000,12.090040479755402
CLDP0395,2023-03-08T04:00:00.000Z,3600000000,12.42570664212704
CLDP0395,2023-03-08T05:00:00.000Z,3600000000,10.623289543473721
CLDP0395,2023-03-08T06:00:00.000Z,3600000000,7.640576927071811
CLDP0395,2023-03-08T07:00:00.000Z,3600000000,4.8153227972030646
CLDP0395,2023-03-08T08:00:00.000Z,3600000000,4.0836230024516595
CLDP0395,2023-03-08T09:00:00.000Z,3600000000,5.330436719179154
CLDP0395,2023-03-08T10:00:00.000Z,3600000000,3.994289356595278
CLDP0395,2023-03-08T11:00:00.000Z,3600000000,3.097418955248595
CLDP0395,2023-03-08T12:00:00.000Z,3600000000,3.427439001208544
CLDP0395,2023-03-08T13:00:00.000Z,3600000000,2.3608991084426645
CLDP0395,2023-03-08T14:00:00.000Z,3600000000,1.5710362040400505
CLDP0395,2023-03-08T15:00:00.000Z,3600000000,1.3365929691791536
CLDP0395,2023-03-08T16:00:00.000Z,3600000000,2.0022795189917093
CLDP0395,2023-03-08T17:00:00.000Z,3600000000,3.1578317371547224
CLDP0395,2023-03-08T18:00:00.000Z,3600000000,4.975030496305227
CLDP0395,2023-03-08T19:00:00.000Z,3600000000,6.237911531871559
CLDP0395,2023-03-08T20:00:00.000Z,3600000000,7.155026501208545
CLDP0395,2023-03-08T21:00:00.000Z,3600000000,8.312506817245486
CLDP0395,2023-03-08T22:00:00.000Z,3600000000,8.708723544716836
CLDP0395,2023-03-08T23:00:00.000Z,3600000000,9.120043642783166
CLDP0395,2023-03-09T00:00:00.000Z,3600000000,9.262582162368297
CLDP0395,2023-03-09T01:00:00.000Z,3600000000,8.96693460263014
CLDP0395,2023-03-09T02:00:00.000Z,3600000000,8.69681528263092
CLDP0395,2023-03-09T03:00:00.000Z,3600000000,8.7218662733078
CLDP0395,2023-03-09T04:00:00.000Z,3600000000,8.782756204473973
CLDP0395,2023-03-09T05:00:00.000Z,3600000000,9.256701203751565
CLDP0395,2023-03-09T06:00:00.000Z,3600000000,9.54299296875
CLDP0395,2023-03-09T07:00:00.000Z,3600000000,9.75735853729248
CLDP0395,2023-03-09T08:00:00.000Z,3600000000,9.374719747960567
CLDP0395,2023-03-09T09:00:00.000Z,3600000000,8.614215716052056
CLDP0395,2023-03-09T10:00:00.000Z,3600000000,8.01182700138092
CLDP0395,2023-03-09T11:00:00.000Z,3600000000,7.993516083914042
CLDP0395,2023-03-09T12:00:00.000Z,3600000000,8.423698208045959
CLDP0395,2023-03-09T13:00:00.000Z,3600000000,8.426161325395107
CLDP0395,2023-03-09T14:00:00.000Z,3600000000,5.615771382392942
CLDP0395,2023-03-09T15:00:00.000Z,3600000000,4.760772341200709
CLDP0395,2023-03-09T16:00:00.000Z,3600000000,4.91212849650383
CLDP0395,2023-03-09T17:00:00.000Z,3600000000,5.03503496594578
CLDP0395,2023-03-09T18:00:00.000Z,3600000000,5.783242653700709
CLDP0395,2023-03-09T19:00:00.000Z,3600000000,5.915963314029574
CLDP0395,2023-03-09T20:00:00.000Z,3600000000,5.418494740676879
CLDP0395,2023-03-09T21:00:00.000Z,3600000000,5.842452351036667
CLDP0395,2023-03-09T22:00:00.000Z,3600000000,6.337247832894325
CLDP0395,2023-03-09T23:00:00.000Z,3600000000,5.627132149621844
CLDP0395,2023-03-10T00:00:00.000Z,3600000000,3.805800346549352
CLDP0395,2023-03-10T01:00:00.000Z,3600000000,2.9165564538856343
CLDP0395,2023-03-10T02:00:00.000Z,3600000000,3.623114583333334
CLDP0395,2023-03-10T03:00:00.000Z,3600000000,4.227536585112413
CLDP0395,2023-03-10T04:00:00.000Z,3600000000,7.85127028174003
CLDP0395,2023-03-10T05:00:00.000Z,3600000000,4.62815271722873
CLDP0395,2023-03-10T06:00:00.000Z,3600000000,3.0500063239296273
CLDP0395,2023-03-10T07:00:00.000Z,3600000000,3.5732124948044612
CLDP0395,2023-03-10T08:00:00.000Z,3600000000,2.6218074618636944
CLDP0395,2023-03-10T09:00:00.000Z,3600000000,2.178551333778103
CLDP0395,2023-03-10T10:00:00.000Z,3600000000,1.8956615805952193
CLDP0395,2023-03-10T11:00:00.000Z,3600000000,2.607816212002685
CLDP0395,2023-03-10T12:00:00.000Z,3600000000,2.5196713293304045
CLDP0395,2023-03-10T13:00:00.000Z,3600000000,2.855461331554254
CLDP0395,2023-03-10T14:00:00.000Z,3600000000,2.76032082777371
CLDP0395,2023-03-10T15:00:00.000Z,3600000000,3.034549357732137
CLDP0395,2023-03-10T16:00:00.000Z,3600000000,2.975786083555718
CLDP0395,2023-03-10T17:00:00.000Z,3600000000,3.1987133155425393
CLDP0395,2023-03-10T18:00:00.000Z,3600000000,3.382931453885635
CLDP0395,2023-03-10T19:00:00.000Z,3600000000,6.9199194387634595
CLDP0395,2023-03-10T20:00:00.000Z,3600000000,11.001167118914923
CLDP0395,2023-03-10T21:00:00.000Z,3600000000,9.146460361798603
CLDP0395,2023-03-10T22:00:00.000Z,3600000000,9.359993557961781
CLDP0395,2023-03-10T23:00:00.000Z,3600000000,7.321468342228732
CLDP0395,2023-03-11T00:00:00.000Z,3600000000,6.734961495530606
CLDP0395,2023-03-11T01:00:00.000Z,3600000000,6.937652594831587
CLDP0395,2023-03-11T02:00:00.000Z,3600000000,10.311765242338181
CLDP0395,2023-03-11T03:00:00.000Z,3600000000,9.16374006689787
CLDP0395,2023-03-11T04:00:00.000Z,3600000000,8.104884068122507
CLDP0395,2023-03-11T05:00:00.000Z,3600000000,6.941753348255157
CLDP0395,2023-03-11T06:00:00.000Z,3600000000,5.986586007227004
CLDP0395,2023-03-11T07:00:00.000Z,3600000000,6.171116950313748
CLDP0395,2023-03-11T08:00:00.000Z,3600000000,5.413033753192424
CLDP0395,2023-03-11T09:00:00.000Z,3600000000,5.157368443086743
CLDP0395,2023-03-11T10:00:00.000Z,3600000000,4.924215066969395
CLDP0395,2023-03-11T11:00:00.000Z,3600000000,4.771317996647953
CLDP0395,2023-03-11T12:00:00.000Z,3600000000,5.085313504469395
CLDP0395,2023-03-11T13:00:00.000Z,3600000000,4.587665785440058
CLDP0395,2023-03-11T14:00:00.000Z,3600000000,4.536114282227681
CLDP0395,2023-03-11T15:00:00.000Z,3600000000,4.573480747765303
CLDP0395,2023-03-11T16:00:00.000Z,3600000000,4.726796261173487
CLDP0395,2023-03-11T17:00:00.000Z,3600000000,5.638320507821442
CLDP0395,2023-03-11T18:00:00.000Z,3600000000,5.818750739385188
CLDP0395,2023-03-11T19:00:00.000Z,3600000000,8.275062527862191
CLDP0395,2023-03-11T20:00:00.000Z,3600000000,11.308692633974553
CLDP0395,2023-03-11T21:00:00.000Z,3600000000,12.991773852157593
CLDP0395,2023-03-11T22:00:00.000Z,3600000000,14.161013727760317
CLDP0395,2023-03-11T23:00:00.000Z,3600000000,13.786386383724212
CLDP0395,2023-03-12T00:00:00.000Z,3600000000,13.596419556236267
CLDP0395,2023-03-12T01:00:00.000Z,3600000000,9.274146931266785
CLDP0395,2023-03-12T02:00:00.000Z,3600000000,7.310594556236266
CLDP0395,2023-03-12T03:00:00.000Z,3600000000,5.653815994644164
CLDP0395,2023-03-12T04:00:00.000Z,3600000000,5.258999442982675
CLDP0395,2023-03-12T05:00:00.000Z,3600000000,5.705354485940933
CLDP0395,2023-03-12T06:00:00.000Z,3600000000,6.02025996875763
CLDP0395,2023-03-12T07:00:00.000Z,3600000000,5.788483014059066
CLDP0395,2023-03-12T08:00:00.000Z,3600000000,5.428122967195511
CLDP0395,2023-03-12T09:00:00.000Z,3600000000,4.793164000892639
CLDP0395,2023-03-12T10:00:00.000Z,3600000000,4.760637998437881
CLDP0395,2023-03-12T11:00:00.000Z,3600000000,4.829434010934831
CLDP0395,2023-03-12T12:00:00.000Z,3600000000,4.730335007810592
CLDP0395,2023-03-12T13:00:00.000Z,3600000000,4.538689014840125
CLDP0395,2023-03-12T14:00:00.000Z,3600000000,3.6517120127201084
CLDP0395,2023-03-12T15:00:00.000Z,3600000000,3.890391980361939
CLDP0395,2023-03-12T16:00:00.000Z,3600000000,3.8167405003905293
CLDP0395,2023-03-12T17:00:00.000Z,3600000000,4.108713995313645
CLDP0395,2023-03-12T18:00:00.000Z,3600000000,4.3953639953136445
CLDP0395,2023-03-12T19:00:00.000Z,3600000000,5.762274960947036
CLDP0395,2023-03-12T20:00:00.000Z,3600000000,4.357923975229263
CLDP0395,2023-03-12T21:00:00.000Z,3600000000,2.787257496094704
CLDP0395,2023-03-12T22:00:00.000Z,3600000000,3.2258320000976326
CLDP0395,2023-03-12T23:00:00.000Z,3600000000,4.732382515621185
CLDP0395,2023-03-13T00:00:00.000Z,3600000000,15.86729505687952
CLDP0395,2023-03-13T01:00:00.000Z,3600000000,10.35924382021874
CLDP0395,2023-03-13T02:00:00.000Z,3600000000,0.8574644832134248
CLDP0395,2023-03-13T03:00:00.000Z,3600000000,0.0
CLDP0395,2023-03-13T04:00:00.000Z,3600000000,0.0
CLDP0395,2023-03-13T05:00:00.000Z,3600000000,2.26562447796762
CLDP0395,2023-03-13T06:00:00.000Z,3600000000,3.7538185753896838
CLDP0395,2023-03-13T07:00:00.000Z,3600000000,7.59655520773381
CLDP0395,2023-03-13T08:00:00.000Z,3600000000,7.95547103357315
CLDP0395,2023-03-13T09:00:00.000Z,3600000000,8.507183771957456
CLDP0395,2023-03-13T10:00:00.000Z,3600000000,9.084749305155873
CLDP0395,2023-03-13T11:00:00.000Z,3600000000,8.26268099437952
CLDP0395,2023-03-13T12:00:00.000Z,3600000000,8.259105244004726
CLDP0395,2023-03-13T13:00:00.000Z,3600000000,7.32253252927661
CLDP0395,2023-03-13T14:00:00.000Z,3600000000,7.180707987110317
CLDP0395,2023-03-13T15:00:00.000Z,3600000000,6.241201215077937
CLDP0395,2023-03-13T16:00:00.000Z,3600000000,4.643269615857304
CLDP0395,2023-03-13T17:00:00.000Z,3600000000,3.678735069844127
CLDP0395,2023-03-13T18:00:00.000Z,3600000000,2.9529276047661908
CLDP0395,2023-03-13T19:00:00.000Z,3600000000,2.479048812949658
CLDP0395,2023-03-13T20:00:00.000Z,3600000000,1.2048289944544432
CLDP0395,2023-03-13T21:00:00.000Z,3600000000,2.8836196122601634
CLDP0395,2023-03-13T22:00:00.000Z,3600000000,3.4881383658573033
CLDP0395,2023-03-13T23:00:00.000Z,3600000000,2.9413762114807964
CLDP0395,2023-03-14T00:00:00.000Z,3600000000,5.454417614954711
CLDP0395,2023-03-14T01:00:00.000Z,3600000000,2.531942321015894
CLDP0395,2023-03-14T02:00:00.000Z,3600000000,2.7227947942826267
CLDP0395,2023-03-14T03:00:00.000Z,3600000000,2.44893028405422
CLDP0395,2023-03-14T04:00:00.000Z,3600000000,2.6157067507586285
CLDP0395,2023-03-14T05:00:00.000Z,3600000000,2.830760600608959
CLDP0395,2023-03-14T06:00:00.000Z,3600000000,3.0870697115668406
CLDP0395,2023-03-14T07:00:00.000Z,3600000000,3.055595332854986
CLDP0395,2023-03-14T08:00:00.000Z,3600000000,3.080047533285307
CLDP0395,2023-03-14T09:00:00.000Z,3600000000,3.2722793743516005
CLDP0395,2023-03-14T10:00:00.000Z,3600000000,3.69536486830314
CLDP0395,2023-03-14T11:00:00.000Z,3600000000,3.752419991304725
CLDP0395,2023-03-14T12:00:00.000Z,3600000000,3.3240678145927682
CLDP0395,2023-03-14T13:00:00.000Z,3600000000,3.1930291786253453
CLDP0395,2023-03-14T14:00:00.000Z,3600000000,3.148513637462258
CLDP0395,2023-03-14T15:00:00.000Z,3600000000,3.185380019159118
CLDP0395,2023-03-14T16:00:00.000Z,3600000000,3.9823959395927684
CLDP0395,2023-03-14T17:00:00.000Z,3600000000,3.243312891229241
CLDP0395,2023-03-14T18:00:00.000Z,3600000000,3.54263276339372
CLDP0395,2023-03-14T19:00:00.000Z,3600000000,5.279615804632504
CLDP0395,2023-03-14T20:00:00.000Z,3600000000,4.01311791038836
CLDP0395,2023-03-14T21:00:00.000Z,3600000000,4.211494128348429
CLDP0395,2023-03-14T22:00:00.000Z,3600000000,3.9139298171040906
CLDP0395,2023-03-14T23:00:00.000Z,3600000000,4.654768374068539
CLDP0395,2023-03-15T00:00:00.000Z,3600000000,4.183576998090745
CLDP0395,2023-03-15T01:00:00.000Z,3600000000,5.045151991271973
CLDP0395,2023-03-15T02:00:00.000Z,3600000000,5.681406676212946
CLDP0395,2023-03-15T03:00:00.000Z,3600000000,5.747806351153057
CLDP0395,2023-03-15T04:00:00.000Z,3600000000,7.247971622117361
CLDP0395,2023-03-15T05:00:00.000Z,3600000000,7.948671685759228
CLDP0395,2023-03-15T06:00:00.000Z,3600000000,8.36046401163737
CLDP0395,2023-03-15T07:00:00.000Z,3600000000,9.508563447888694
CLDP0395,2023-03-15T08:00:00.000Z,3600000000,9.872259974543255
CLDP0395,2023-03-15T09:00:00.000Z,3600000000,7.5729630114555375
CLDP0395,2023-03-15T10:00:00.000Z,3600000000,4.832892364517848
CLDP0395,2023-03-15T11:00:00.000Z,3600000000,4.061455007159711
CLDP0395,2023-03-15T12:00:00.000Z,3600000000,3.664725334151586
CLDP0395,2023-03-15T13:00:00.000Z,3600000000,3.863590675576528
CLDP0395,2023-03-15T14:00:00.000Z,3600000000,3.6934206628481547
CLDP0395,2023-03-15T15:00:00.000Z,3600000000,3.6340280011137325
CLDP0395,2023-03-15T16:00:00.000Z,3600000000,3.7614886655529345
CLDP0395,2023-03-15T17:00:00.000Z,3600000000,4.537597335879008
CLDP0395,2023-03-15T18:00:00.000Z,3600000000,4.4941253500620535
CLDP0395,2023-03-15T19:00:00.000Z,3600000000,4.76849465584755
CLDP0395,2023-03-15T20:00:00.000Z,3600000000,4.965357992362977
CLDP0395,2023-03-15T21:00:00.000Z,3600000000,4.620680344152451
CLDP0395,2023-03-15T22:00:00.000Z,3600000000,5.306031660302481
CLDP0395,2023-03-15T23:00:00.000Z,3600000000,5.655714295784633
CLDP0395,2023-03-16T00:00:00.000Z,3600000000,6.654782228832245
CLDP0395,2023-03-16T01:00:00.000Z,3600000000,7.974966381392479
CLDP0395,2023-03-16T02:00:00.000Z,3600000000,8.950252118721007
CLDP0395,2023-03-16T03:00:00.000Z,3600000000,7.741551307191849
CLDP0395,2023-03-16T04:00:00.000Z,3600000000,5.600746686929464
CLDP0395,2023-03-16T05:00:00.000Z,3600000000,3.973066136643886
CLDP0395,2023-03-16T06:00:00.000Z,3600000000,3.9791793940639493
CLDP0395,2023-03-16T07:00:00.000Z,3600000000,3.9411660985159873
CLDP0395,2023-03-16T08:00:00.000Z,3600000000,3.3016090102025863
CLDP0395,2023-03-16T09:00:00.000Z,3600000000,3.5727594316780555
CLDP0395,2023-03-16T10:00:00.000Z,3600000000,3.4743360985159866
CLDP0395,2023-03-16T11:00:00.000Z,3600000000,3.0588574005565046
CLDP0395,2023-03-16T12:00:00.000Z,3600000000,3.195794198268652
CLDP0395,2023-03-16T13:00:00.000Z,3600000000,3.6541767966079703
CLDP0395,2023-03-16T14:00:00.000Z,3600000000,3.5727594316780564
CLDP0395,2023-03-16T15:00:00.000Z,3600000000,3.868029394063949
CLDP0395,2023-03-16T16:00:00.000Z,3600000000,3.747987402544022
CLDP0395,2023-03-16T17:00:00.000Z,3600000000,3.897595302968025
CLDP0395,2023-03-16T18:00:00.000Z,3600000000,4.274949545547962
CLDP0395,2023-03-16T19:00:00.000Z,3600000000,4.67675681780815
CLDP0395,2023-03-16T20:00:00.000Z,3600000000,4.800911363356114
CLDP0395,2023-03-16T21:00:00.000Z,3600000000,5.421906364383697
CLDP0395,2023-03-16T22:00:00.000Z,3600000000,6.250029451255797
CLDP0395,2023-03-16T23:00:00.000Z,3600000000,5.627589562556743
CLDP0395,2023-03-17T00:00:00.000Z,3600000000,6.165231495386362
CLDP0395,2023-03-17T01:00:00.000Z,3600000000,6.102390344221891
CLDP0395,2023-03-17T02:00:00.000Z,3600000000,5.945287366034091
CLDP0395,2023-03-17T03:00:00.000Z,3600000000,5.288034989213943
CLDP0395,2023-03-17T04:00:00.000Z,3600000000,5.89803278785646
CLDP0395,2023-03-17T05:00:00.000Z,3600000000,7.3678732681423424
CLDP0395,2023-03-17T06:00:00.000Z,3600000000,8.006676221686602
CLDP0395,2023-03-17T07:00:00.000Z,3600000000,8.06209526321292
CLDP0395,2023-03-17T08:00:00.000Z,3600000000,8.498519873112441
CLDP0395,2023-03-17T09:00:00.000Z,3600000000,7.3725740236997614
CLDP0395,2023-03-17T10:00:00.000Z,3600000000,7.54579375
CLDP0395,2023-03-17T11:00:00.000Z,3600000000,7.253819042575359
CLDP0395,2023-03-17T12:00:00.000Z,3600000000,6.955941942113638
CLDP0395,2023-03-17T13:00:00.000Z,3600000000,5.921960518336298
CLDP0395,2023-03-17T14:00:00.000Z,3600000000,4.904449282783643
CLDP0395,2023-03-17T15:00:00.000Z,3600000000,4.901727807781101
CLDP0395,2023-03-17T16:00:00.000Z,3600000000,5.190769001078607
CLDP0395,2023-03-17T17:00:00.000Z,3600000000,5.052893029834331
CLDP0395,2023-03-17T18:00:00.000Z,3600000000,5.38897674406767
CLDP0395,2023-03-17T19:00:00.000Z,3600000000,6.120450989146532
CLDP0395,2023-03-17T20:00:00.000Z,3600000000,7.818400050336123
CLDP0395,2023-03-17T21:00:00.000Z,3600000000,10.709589455747604
CLDP0395,2023-03-17T22:00:00.000Z,3600000000,8.965870287856461
CLDP0395,2023-03-17T23:00:00.000Z,3600000000,9.3921512924701
CLDP0395,2023-03-18T00:00:00.000Z,3600000000,8.608405712509155
CLDP0395,2023-03-18T01:00:00.000Z,3600000000,8.494462355864048
CLDP0395,2023-03-18T02:00:00.000Z,3600000000,7.675180866986514
CLDP0395,2023-03-18T03:00:00.000Z,3600000000,7.8115187841713425
CLDP0395,2023-03-18T04:00:00.000Z,3600000000,7.752218040817977
CLDP0395,2023-03-18T05:00:00.000Z,3600000000,8.148153360152246
CLDP0395,2023-03-18T06:00:00.000Z,3600000000,8.551075767183303
CLDP0395,2023-03-18T07:00:00.000Z,3600000000,8.024356325793267
CLDP0395,2023-03-18T08:00:00.000Z,3600000000,6.9891915693342686
CLDP0395,2023-03-18T09:00:00.000Z,3600000000,6.418041442283988
CLDP0395,2023-03-18T10:00:00.000Z,3600000000,5.4726339113757
CLDP0395,2023-03-18T11:00:00.000Z,3600000000,5.108767566515134
CLDP0395,2023-03-18T12:00:00.000Z,3600000000,4.935190749609471
CLDP0395,2023-03-18T13:00:00.000Z,3600000000,5.272337218408286
CLDP0395,2023-03-18T14:00:00.000Z,3600000000,5.0326261570615705
CLDP0395,2023-03-18T15:00:00.000Z,3600000000,4.821554500585795
CLDP0395,2023-03-18T16:00:00.000Z,3600000000,4.829462964692153
CLDP0395,2023-03-18T17:00:00.000Z,3600000000,4.9767294069761405
CLDP0395,2023-03-18T18:00:00.000Z,3600000000,5.272413995313644
CLDP0395,2023-03-18T19:00:00.000Z,3600000000,6.114013289792836
CLDP0395,2023-03-18T20:00:00.000Z,3600000000,7.916862644135952
CLDP0395,2023-03-18T21:00:00.000Z,3600000000,6.035005360648037
CLDP0395,2023-03-18T22:00:00.000Z,3600000000,5.405450317625702
CLDP0395,2023-03-18T23:00:00.000Z,3600000000,5.582815006834268
CLDP0395,2023-03-19T00:00:00.000Z,3600000000,5.67691101770401
CLDP0395,2023-03-19T01:00:00.000Z,3600000000,5.671358340698481
CLDP0395,2023-03-19T02:00:00.000Z,3600000000,2.9465112486168743
CLDP0395,2023-03-19T03:00:00.000Z,3600000000,3.775509878319501
CLDP0395,2023-03-19T04:00:00.000Z,3600000000,3.998857997786999
CLDP0395,2023-03-19T05:00:00.000Z,3600000000,3.1246096128284933
CLDP0395,2023-03-19T06:00:00.000Z,3600000000,3.157510993993282
CLDP0395,2023-03-19T07:00:00.000Z,3600000000,3.108946245850623
CLDP0395,2023-03-19T08:00:00.000Z,3600000000,2.9569535024896263
CLDP0395,2023-03-19T09:00:00.000Z,3600000000,2.8832776216804987
CLDP0395,2023-03-19T10:00:00.000Z,3600000000,2.856011751936376
CLDP0395,2023-03-19T11:00:00.000Z,3600000000,3.0329498810857536
CLDP0395,2023-03-19T12:00:00.000Z,3600000000,3.004357997786999
CLDP0395,2023-03-19T13:00:00.000Z,3600000000,3.2232308586791163
CLDP0395,2023-03-19T14:00:00.000Z,3600000000,3.486027488934994
CLDP0395,2023-03-19T15:00:00.000Z,3600000000,2.9830591371715065
CLDP0395,2023-03-19T16:00:00.000Z,3600000000,3.4854473783195026
CLDP0395,2023-03-19T17:00:00.000Z,3600000000,3.1489748672544953
CLDP0395,2023-03-19T18:00:00.000Z,3600000000,4.1109050252914425
CLDP0395,2023-03-19T19:00:00.000Z,3600000000,7.52369748340249
CLDP0395,2023-03-19T20:00:00.000Z,3600000000,6.4127581028699865
CLDP0395,2023-03-19T21:00:00.000Z,3600000000,6.817105188035965
CLDP0395,2023-03-19T22:00:00.000Z,3600000000,6.618122350656987
CLDP0395,2023-03-19T23:00:00.000Z,3600000000,7.051475851798056
